model,layer,k,seed,transform,n_features,transform_time_s,silhouette,davies_bouldin,calinski_harabasz,nmi,purity,anisotropy,participation_ratio
pretrained,12,20,0,raw,768,5.7220458984375e-06,0.028814781457185745,3.212920648902254,43.89241458807272,0.3640948156520263,0.3115,0.7463680505752563,37.735260009765625
pretrained,12,20,1,raw,768,5.7220458984375e-06,0.03908344358205795,3.0701015070428737,44.068505831287766,0.3736000699533205,0.3445,0.7463680505752563,37.735260009765625
pretrained,12,20,2,raw,768,5.7220458984375e-06,0.03644649684429169,3.1216824938221857,44.3198353114058,0.3533382311417632,0.3095,0.7463680505752563,37.735260009765625
pretrained,12,20,3,raw,768,5.7220458984375e-06,0.024994954466819763,3.1281784869356053,44.297609813674015,0.3734510406306834,0.339,0.7463680505752563,37.735260009765625
pretrained,12,20,4,raw,768,5.7220458984375e-06,0.03248089179396629,3.0816737834208405,44.45920663809989,0.3768747265100749,0.336,0.7463680505752563,37.735260009765625
pretrained,12,20,0,l2,768,0.0033791065216064453,0.040653128176927567,3.178525912953285,43.21337186254477,0.36437810668420056,0.3205,0.7463680505752563,38.235740661621094
pretrained,12,20,1,l2,768,0.0033791065216064453,0.039318956434726715,3.243583615447008,43.27194331355628,0.37735722922587195,0.36,0.7463680505752563,38.235740661621094
pretrained,12,20,2,l2,768,0.0033791065216064453,0.039044998586177826,3.136868534840379,43.08395229848419,0.36829834066116063,0.3315,0.7463680505752563,38.235740661621094
pretrained,12,20,3,l2,768,0.0033791065216064453,0.0332428403198719,3.2006966061079503,43.10086689418217,0.36815161520693857,0.334,0.7463680505752563,38.235740661621094
pretrained,12,20,4,l2,768,0.0033791065216064453,0.03846995532512665,3.2027997132568222,43.19051005901971,0.3625050686849835,0.3425,0.7463680505752563,38.235740661621094
pretrained,12,20,0,centered,768,0.002474546432495117,0.028814781457185745,3.212920669202549,43.89241459268589,0.3640948156520263,0.3115,0.0010204184800386429,37.735260009765625
pretrained,12,20,1,centered,768,0.002474546432495117,0.03908344358205795,3.070101464587227,44.06850582331811,0.3736000699533205,0.3445,0.0010204184800386429,37.735260009765625
pretrained,12,20,2,centered,768,0.002474546432495117,0.03644649684429169,3.1216824445517224,44.319835306526485,0.3533382311417632,0.3095,0.0010204184800386429,37.735260009765625
pretrained,12,20,3,centered,768,0.002474546432495117,0.024994954466819763,3.1281784637253387,44.29760980901803,0.3734510406306834,0.339,0.0010204184800386429,37.735260009765625
pretrained,12,20,4,centered,768,0.002474546432495117,0.03248089551925659,3.081673769537855,44.45920663391765,0.3768747265100749,0.336,0.0010204184800386429,37.735260009765625
pretrained,12,20,0,centered_l2,768,0.006083965301513672,0.054680872708559036,3.3045423791360804,42.75620193420729,0.4054467382200368,0.4015,0.001020418363623321,37.15312576293945
pretrained,12,20,1,centered_l2,768,0.006083965301513672,0.05118350312113762,3.442685727078031,42.59109810844772,0.37462380524816397,0.35,0.001020418363623321,37.15312576293945
pretrained,12,20,2,centered_l2,768,0.006083965301513672,0.054873205721378326,3.342436915562442,42.723932708452985,0.38823411447072753,0.3965,0.001020418363623321,37.15312576293945
pretrained,12,20,3,centered_l2,768,0.006083965301513672,0.05572574585676193,3.288259787733889,42.762658915572665,0.38661025616578526,0.3565,0.001020418363623321,37.15312576293945
pretrained,12,20,4,centered_l2,768,0.006083965301513672,0.05575736612081528,3.3709040180146586,42.88689180019381,0.3848346126149301,0.3445,0.001020418363623321,37.15312576293945
pretrained,12,20,0,drop_pc1_l2,768,0.35085129737854004,0.05310646817088127,3.489953872697093,30.618750310388254,0.3395592073298025,0.351,0.0014004602562636137,58.11911392211914
pretrained,12,20,1,drop_pc1_l2,768,0.35085129737854004,0.05572885274887085,3.540306472327051,30.501373836230236,0.3192510861215582,0.326,0.0014004602562636137,58.11911392211914
pretrained,12,20,2,drop_pc1_l2,768,0.35085129737854004,0.0553264394402504,3.5744438316014415,30.48795122688433,0.3162601879196544,0.3225,0.0014004602562636137,58.11911392211914
pretrained,12,20,3,drop_pc1_l2,768,0.35085129737854004,0.054336775094270706,3.559123442466361,30.357654106508395,0.32844275068724893,0.3315,0.0014004602562636137,58.11911392211914
pretrained,12,20,4,drop_pc1_l2,768,0.35085129737854004,0.05479066073894501,3.4940417187725794,30.342320520912047,0.3432427954428537,0.3475,0.0014004602562636137,58.11911392211914
pretrained,12,20,0,drop_pc3_l2,768,0.3405461311340332,0.038152314722537994,3.8737880321319063,23.79075692473649,0.3573535075980066,0.3885,0.00045693726860918105,72.9377670288086
pretrained,12,20,1,drop_pc3_l2,768,0.3405461311340332,0.04125426337122917,3.732711790022401,23.665125469300868,0.34131523061359537,0.3555,0.00045693726860918105,72.9377670288086
pretrained,12,20,2,drop_pc3_l2,768,0.3405461311340332,0.04280523955821991,3.759206478764032,23.86193008168917,0.3449253145944158,0.3445,0.00045693726860918105,72.9377670288086
pretrained,12,20,3,drop_pc3_l2,768,0.3405461311340332,0.042078468948602676,3.8019834161842843,23.81248243715042,0.35449482484647904,0.3485,0.00045693726860918105,72.9377670288086
pretrained,12,20,4,drop_pc3_l2,768,0.3405461311340332,0.0411241389811039,3.7592677907779475,23.740362349155532,0.3545220339344396,0.367,0.00045693726860918105,72.9377670288086
pretrained,12,20,0,drop_pc5_l2,768,0.3467831611633301,0.033719390630722046,4.113384516967396,19.13991397335438,0.3298254493699558,0.3755,0.0004900319036096334,87.84939575195312
pretrained,12,20,1,drop_pc5_l2,768,0.3467831611633301,0.03335904702544212,4.071493585377532,19.025690789127996,0.3205852276162888,0.3665,0.0004900319036096334,87.84939575195312
pretrained,12,20,2,drop_pc5_l2,768,0.3467831611633301,0.032800111919641495,3.9789575963245127,18.90634271556224,0.33515661490664117,0.3865,0.0004900319036096334,87.84939575195312
pretrained,12,20,3,drop_pc5_l2,768,0.3467831611633301,0.031990889459848404,4.0746910929889095,18.80924378549774,0.32038727072245726,0.3615,0.0004900319036096334,87.84939575195312
pretrained,12,20,4,drop_pc5_l2,768,0.3467831611633301,0.033941902220249176,4.035021118473172,19.127675344060126,0.3422953577223179,0.388,0.0004900319036096334,87.84939575195312
pretrained,12,20,0,drop_pc10_l2,768,0.37108659744262695,0.023255255073308945,4.603003585720595,13.96681000149065,0.26535255763821425,0.3315,-0.00031518994364887476,113.90938568115234
pretrained,12,20,1,drop_pc10_l2,768,0.37108659744262695,0.023413633927702904,4.660581208590788,13.850968807349227,0.2655277629714604,0.338,-0.00031518994364887476,113.90938568115234
pretrained,12,20,2,drop_pc10_l2,768,0.37108659744262695,0.023040981963276863,4.595488205308126,13.988388660015374,0.23943757995514608,0.311,-0.00031518994364887476,113.90938568115234
pretrained,12,20,3,drop_pc10_l2,768,0.37108659744262695,0.023329168558120728,4.617567985246388,13.918185987629057,0.2467941067076346,0.3075,-0.00031518994364887476,113.90938568115234
pretrained,12,20,4,drop_pc10_l2,768,0.37108659744262695,0.023975921794772148,4.5650320327744245,13.884815582240261,0.28913083813262175,0.3655,-0.00031518994364887476,113.90938568115234
pretrained,12,20,0,pca50_l2,50,0.3774142265319824,0.08901786804199219,2.561292997430379,70.61445646204037,0.3719704403514392,0.354,0.002004706533625722,18.903907775878906
pretrained,12,20,1,pca50_l2,50,0.3774142265319824,0.09146691113710403,2.6099273028167684,70.67642840356037,0.3851051571384312,0.356,0.002004706533625722,18.903907775878906
pretrained,12,20,2,pca50_l2,50,0.3774142265319824,0.09144947677850723,2.6198636739070857,70.5907455331611,0.3834633791733417,0.363,0.002004706533625722,18.903907775878906
pretrained,12,20,3,pca50_l2,50,0.3774142265319824,0.08725808560848236,2.6571851557566744,70.70240575231544,0.36223051385150407,0.3355,0.002004706533625722,18.903907775878906
pretrained,12,20,4,pca50_l2,50,0.3774142265319824,0.08426328748464584,2.597772082329755,70.76715274154972,0.383965764949862,0.386,0.002004706533625722,18.903907775878906
pretrained,12,20,0,pca100_l2,100,0.4284951686859131,0.07188554108142853,2.926414690217494,55.95139078252302,0.3798356294880678,0.3505,0.0014762028586119413,25.558698654174805
pretrained,12,20,1,pca100_l2,100,0.4284951686859131,0.06981809437274933,2.892270342172527,55.94604853394206,0.3851511851986703,0.346,0.0014762028586119413,25.558698654174805
pretrained,12,20,2,pca100_l2,100,0.4284951686859131,0.073301762342453,2.9290713784216056,55.72351667135969,0.37843266154655325,0.356,0.0014762028586119413,25.558698654174805
pretrained,12,20,3,pca100_l2,100,0.4284951686859131,0.07354504615068436,2.950420086879748,56.02608444393517,0.38701659532356303,0.3745,0.0014762028586119413,25.558698654174805
pretrained,12,20,4,pca100_l2,100,0.4284951686859131,0.06929641216993332,3.0306634373494488,55.88719436856764,0.39434744919875203,0.384,0.0014762028586119413,25.558698654174805
pretrained,12,20,0,whiten50_l2,50,0.4289515018463135,0.06714271754026413,3.3726079238219326,29.126986574288853,0.4220309226498093,0.439,0.0004665164742618799,47.78717041015625
pretrained,12,20,1,whiten50_l2,50,0.4289515018463135,0.0664680153131485,3.3518374466615697,29.269798265679388,0.41734248644009836,0.4285,0.0004665164742618799,47.78717041015625
pretrained,12,20,2,whiten50_l2,50,0.4289515018463135,0.06626524776220322,3.3728224739383146,28.929803144829084,0.41610985836922165,0.416,0.0004665164742618799,47.78717041015625
pretrained,12,20,3,whiten50_l2,50,0.4289515018463135,0.06922662258148193,3.266102191964355,29.211275600857263,0.41467485245907065,0.42,0.0004665164742618799,47.78717041015625
pretrained,12,20,4,whiten50_l2,50,0.4289515018463135,0.06664814800024033,3.4095125989592487,29.15685503640935,0.42171205315307936,0.439,0.0004665164742618799,47.78717041015625
pretrained,12,20,0,whiten100_l2,100,0.3866872787475586,0.038019128143787384,4.617835419387239,15.360979871576122,0.4257070307048623,0.4325,9.214430610882118e-05,95.43193817138672
pretrained,12,20,1,whiten100_l2,100,0.3866872787475586,0.0376310870051384,4.600416187434807,15.39339556264461,0.43203608923476067,0.448,9.214430610882118e-05,95.43193817138672
pretrained,12,20,2,whiten100_l2,100,0.3866872787475586,0.03892926126718521,4.669742079618393,15.275695727566147,0.41715672623106376,0.4375,9.214430610882118e-05,95.43193817138672
pretrained,12,20,3,whiten100_l2,100,0.3866872787475586,0.03812764212489128,4.555259252680846,15.405113769733566,0.43612318146695356,0.442,9.214430610882118e-05,95.43193817138672
pretrained,12,20,4,whiten100_l2,100,0.3866872787475586,0.04003065824508667,4.5088335901626735,15.443782053523478,0.4224580753455703,0.4215,9.214430610882118e-05,95.43193817138672
