model,pooling,clusterer,k,seed,whiten_dim,n_features,svd_time_s,transform_time_s,silhouette,davies_bouldin,calinski_harabasz,nmi,purity,anisotropy,participation_ratio
pretrained,layer12,spherical,20,0,10,10,0.34003210067749023,0.0007052421569824219,0.16737578809261322,1.679697661547668,144.9369696228257,0.30436145011697785,0.276,0.005073638167232275,9.335713386535645
pretrained,layer12,spherical,20,1,10,10,0.34003210067749023,0.0007052421569824219,0.16495248675346375,1.6686200667113678,144.7926540825568,0.31095680170724826,0.281,0.005073638167232275,9.335713386535645
pretrained,layer12,spherical,20,2,10,10,0.34003210067749023,0.0007052421569824219,0.16440993547439575,1.7555055545607074,144.645632759278,0.2971724602166126,0.274,0.005073638167232275,9.335713386535645
pretrained,layer12,spherical,20,3,10,10,0.34003210067749023,0.0007052421569824219,0.16686609387397766,1.6665174564250804,144.4691926178443,0.30895388556017717,0.292,0.005073638167232275,9.335713386535645
pretrained,layer12,spherical,20,4,10,10,0.34003210067749023,0.0007052421569824219,0.16425183415412903,1.6630435099412721,145.9214301379072,0.3057956633167639,0.283,0.005073638167232275,9.335713386535645
pretrained,layer12,spherical,20,0,20,20,0.34003210067749023,0.0006132125854492188,0.11553888022899628,2.0986111007427906,67.54960865396782,0.349123994669724,0.346,0.0016252122586593032,18.883562088012695
pretrained,layer12,spherical,20,1,20,20,0.34003210067749023,0.0006132125854492188,0.11501432210206985,2.1296002280789783,67.23621961112673,0.3538879338909862,0.355,0.0016252122586593032,18.883562088012695
pretrained,layer12,spherical,20,2,20,20,0.34003210067749023,0.0006132125854492188,0.11520300060510635,2.136940369575595,67.22413760590604,0.3533723908376255,0.339,0.0016252122586593032,18.883562088012695
pretrained,layer12,spherical,20,3,20,20,0.34003210067749023,0.0006132125854492188,0.11398445069789886,2.1552438285181834,66.94281886093061,0.3535377575190684,0.349,0.0016252122586593032,18.883562088012695
pretrained,layer12,spherical,20,4,20,20,0.34003210067749023,0.0006132125854492188,0.11466342210769653,2.153153129837136,67.08755942279927,0.3533994729329236,0.343,0.0016252122586593032,18.883562088012695
pretrained,layer12,spherical,20,0,50,50,0.34003210067749023,0.0009360313415527344,0.06760667264461517,3.074786033386012,28.572671988384624,0.4321329833353943,0.441,0.0004665164742618799,47.78717041015625
pretrained,layer12,spherical,20,1,50,50,0.34003210067749023,0.0009360313415527344,0.06922321021556854,3.091460118170324,28.560955016137058,0.4273295871810155,0.4525,0.0004665164742618799,47.78717041015625
pretrained,layer12,spherical,20,2,50,50,0.34003210067749023,0.0009360313415527344,0.06846661120653152,3.1083512275033853,28.677009754694986,0.42357254432566666,0.4275,0.0004665164742618799,47.78717041015625
pretrained,layer12,spherical,20,3,50,50,0.34003210067749023,0.0009360313415527344,0.06926757842302322,3.0798636927453797,28.71017349794576,0.43141252898040455,0.443,0.0004665164742618799,47.78717041015625
pretrained,layer12,spherical,20,4,50,50,0.34003210067749023,0.0009360313415527344,0.06748033314943314,3.133033521284836,28.46075325409267,0.42231849512702707,0.4315,0.0004665164742618799,47.78717041015625
pretrained,layer12,spherical,20,0,100,100,0.34003210067749023,0.0015866756439208984,0.038749709725379944,4.208210191931887,14.923193343129896,0.4549107631878221,0.478,9.214430610882118e-05,95.43193817138672
pretrained,layer12,spherical,20,1,100,100,0.34003210067749023,0.0015866756439208984,0.040008533746004105,4.230745257991832,15.100415444415813,0.4512389785201165,0.4625,9.214430610882118e-05,95.43193817138672
pretrained,layer12,spherical,20,2,100,100,0.34003210067749023,0.0015866756439208984,0.03856642544269562,4.1595375761878115,15.11277350091515,0.4521630090598552,0.4525,9.214430610882118e-05,95.43193817138672
pretrained,layer12,spherical,20,3,100,100,0.34003210067749023,0.0015866756439208984,0.03836153447628021,4.259712964876703,14.85503100925629,0.43874059326553083,0.4505,9.214430610882118e-05,95.43193817138672
pretrained,layer12,spherical,20,4,100,100,0.34003210067749023,0.0015866756439208984,0.0377441942691803,4.319109800500669,14.784862052841452,0.4330086390137266,0.44,9.214430610882118e-05,95.43193817138672
pretrained,layer12,spherical,20,0,150,150,0.34003210067749023,0.0024690628051757812,0.02625938132405281,5.175027431847456,10.066289703837132,0.43548568050522357,0.4605,-7.694413943681866e-05,142.23617553710938
pretrained,layer12,spherical,20,1,150,150,0.34003210067749023,0.0024690628051757812,0.02547972835600376,5.167482160209126,9.915249105224461,0.437484851005653,0.4485,-7.694413943681866e-05,142.23617553710938
pretrained,layer12,spherical,20,2,150,150,0.34003210067749023,0.0024690628051757812,0.024827055633068085,5.134829509358694,9.933280897304101,0.4240599976920189,0.4355,-7.694413943681866e-05,142.23617553710938
pretrained,layer12,spherical,20,3,150,150,0.34003210067749023,0.0024690628051757812,0.025554779917001724,5.154851312648232,9.965489378519145,0.41225437840909385,0.436,-7.694413943681866e-05,142.23617553710938
pretrained,layer12,spherical,20,4,150,150,0.34003210067749023,0.0024690628051757812,0.024508964270353317,5.167825370496859,9.895128121455235,0.3936985246799193,0.414,-7.694413943681866e-05,142.23617553710938
pretrained,layer12,spherical,20,0,200,200,0.34003210067749023,0.003138303756713867,0.01773660257458687,5.929988267925495,7.394696063551098,0.4086501598535436,0.4625,-0.0001688929187366739,188.3663787841797
pretrained,layer12,spherical,20,1,200,200,0.34003210067749023,0.003138303756713867,0.018466373905539513,5.836992477218507,7.533789483036643,0.4166430140365723,0.4195,-0.0001688929187366739,188.3663787841797
pretrained,layer12,spherical,20,2,200,200,0.34003210067749023,0.003138303756713867,0.019724400714039803,5.776629939234166,7.674245719556492,0.43246328154252023,0.468,-0.0001688929187366739,188.3663787841797
pretrained,layer12,spherical,20,3,200,200,0.34003210067749023,0.003138303756713867,0.018751807510852814,5.7558065735290045,7.469411731616462,0.41295671621038377,0.448,-0.0001688929187366739,188.3663787841797
pretrained,layer12,spherical,20,4,200,200,0.34003210067749023,0.003138303756713867,0.01738695614039898,5.908242218536799,7.380907050143326,0.39263895218159,0.4035,-0.0001688929187366739,188.3663787841797
pretrained,layer12,spherical,20,0,300,300,0.34003210067749023,0.004105329513549805,0.010812174528837204,7.248657835340898,4.877111846068513,0.34166850356404477,0.3895,-0.0002763236698228866,279.55902099609375
pretrained,layer12,spherical,20,1,300,300,0.34003210067749023,0.004105329513549805,0.00996389053761959,7.316690343893038,4.740120089111131,0.3125987945137093,0.3545,-0.0002763236698228866,279.55902099609375
pretrained,layer12,spherical,20,2,300,300,0.34003210067749023,0.004105329513549805,0.010446018539369106,7.176970009031874,4.8770977327430645,0.32507254663137575,0.342,-0.0002763236698228866,279.55902099609375
pretrained,layer12,spherical,20,3,300,300,0.34003210067749023,0.004105329513549805,0.010170605033636093,7.216733279666178,4.718537596721191,0.2977823865099137,0.367,-0.0002763236698228866,279.55902099609375
pretrained,layer12,spherical,20,4,300,300,0.34003210067749023,0.004105329513549805,0.010650696232914925,7.094412458106774,4.928806012338014,0.35536618153389704,0.407,-0.0002763236698228866,279.55902099609375
pretrained,layer12,spherical,20,0,500,500,0.34003210067749023,0.007941961288452148,0.0024030720815062523,9.72771186310192,2.4091915014793868,0.12307509603933223,0.21,-0.00038592086639255285,464.5767822265625
pretrained,layer12,spherical,20,1,500,500,0.34003210067749023,0.007941961288452148,0.0023584961891174316,9.793171741733882,2.4023639055274715,0.12660300968019328,0.223,-0.00038592086639255285,464.5767822265625
pretrained,layer12,spherical,20,2,500,500,0.34003210067749023,0.007941961288452148,0.0018314432818442583,9.801806522440344,2.3181526765878493,0.12166000233731213,0.2165,-0.00038592086639255285,464.5767822265625
pretrained,layer12,spherical,20,3,500,500,0.34003210067749023,0.007941961288452148,0.0022000279277563095,9.774176136167338,2.3841335269637547,0.11851484826734048,0.2095,-0.00038592086639255285,464.5767822265625
pretrained,layer12,spherical,20,4,500,500,0.34003210067749023,0.007941961288452148,0.0021631186828017235,9.870949493291553,2.35305070879909,0.1268744010860749,0.205,-0.00038592086639255285,464.5767822265625
pretrained,layer12,spherical,20,0,768,768,0.34003210067749023,0.019894123077392578,-0.0004745526530314237,12.126409819672514,1.4622095025426936,0.05800546559744424,0.1455,0.0009742046240717173,725.7504272460938
pretrained,layer12,spherical,20,1,768,768,0.34003210067749023,0.019894123077392578,-0.00037949293619021773,12.056947073392337,1.475268942582391,0.05322642740910283,0.1315,0.0009742046240717173,725.7504272460938
pretrained,layer12,spherical,20,2,768,768,0.34003210067749023,0.019894123077392578,-0.00048356488696299493,12.216338428883615,1.4632896592558804,0.0608691458033049,0.147,0.0009742046240717173,725.7504272460938
pretrained,layer12,spherical,20,3,768,768,0.34003210067749023,0.019894123077392578,-0.00041371281258761883,12.110421528796872,1.4768478277016297,0.06960158284637125,0.158,0.0009742046240717173,725.7504272460938
pretrained,layer12,spherical,20,4,768,768,0.34003210067749023,0.019894123077392578,-0.00040401273872703314,12.249218156532331,1.4699836036631242,0.0529492929787126,0.137,0.0009742046240717173,725.7504272460938
random_seed1,layer12,spherical,20,0,10,10,0.36736559867858887,0.0011713504791259766,0.17310665547847748,1.4877712946716704,190.4153130377395,0.061358165772073946,0.1215,0.015304136089980602,7.061061382293701
random_seed1,layer12,spherical,20,1,10,10,0.36736559867858887,0.0011713504791259766,0.16871377825737,1.4945857874902755,189.96658559239353,0.05710384570356005,0.115,0.015304136089980602,7.061061382293701
random_seed1,layer12,spherical,20,2,10,10,0.36736559867858887,0.0011713504791259766,0.17182068526744843,1.4940970991719564,189.852812939558,0.06162231396605282,0.1185,0.015304136089980602,7.061061382293701
random_seed1,layer12,spherical,20,3,10,10,0.36736559867858887,0.0011713504791259766,0.16900302469730377,1.5370332055852414,190.16853050978838,0.059028117456969995,0.117,0.015304136089980602,7.061061382293701
random_seed1,layer12,spherical,20,4,10,10,0.36736559867858887,0.0011713504791259766,0.17439459264278412,1.5029108678628358,190.63157861054424,0.059814863520252164,0.112,0.015304136089980602,7.061061382293701
random_seed1,layer12,spherical,20,0,20,20,0.36736559867858887,0.0006718635559082031,0.09453998506069183,2.2882489322007933,65.55659140914013,0.06270644726142258,0.126,0.005868422333151102,15.912042617797852
random_seed1,layer12,spherical,20,1,20,20,0.36736559867858887,0.0006718635559082031,0.09340071678161621,2.2682596013258602,65.67557536287737,0.06622245618954191,0.121,0.005868422333151102,15.912042617797852
random_seed1,layer12,spherical,20,2,20,20,0.36736559867858887,0.0006718635559082031,0.08850540220737457,2.3298032493853493,65.1306528281134,0.07050208093908773,0.126,0.005868422333151102,15.912042617797852
random_seed1,layer12,spherical,20,3,20,20,0.36736559867858887,0.0006718635559082031,0.09254610538482666,2.3109366560078923,65.25846395342069,0.06424973238563177,0.1185,0.005868422333151102,15.912042617797852
random_seed1,layer12,spherical,20,4,20,20,0.36736559867858887,0.0006718635559082031,0.09034257382154465,2.3308165386273485,64.75342889939134,0.06299731385193338,0.1205,0.005868422333151102,15.912042617797852
random_seed1,layer12,spherical,20,0,50,50,0.36736559867858887,0.0009615421295166016,0.045588813722133636,3.632171719286835,24.05247725734006,0.06196229270066597,0.124,0.0020329782273620367,43.715667724609375
random_seed1,layer12,spherical,20,1,50,50,0.36736559867858887,0.0009615421295166016,0.04322241246700287,3.8491708315179785,23.929514466576855,0.06180599556710866,0.127,0.0020329782273620367,43.715667724609375
random_seed1,layer12,spherical,20,2,50,50,0.36736559867858887,0.0009615421295166016,0.044452182948589325,3.7269317830107282,24.227141231310547,0.06165257463948737,0.119,0.0020329782273620367,43.715667724609375
random_seed1,layer12,spherical,20,3,50,50,0.36736559867858887,0.0009615421295166016,0.05035846680402756,3.660554920541693,23.91116979550303,0.0572516495301533,0.12,0.0020329782273620367,43.715667724609375
random_seed1,layer12,spherical,20,4,50,50,0.36736559867858887,0.0009615421295166016,0.043566085398197174,3.776818326023219,23.601726602741728,0.05577682586978473,0.12,0.0020329782273620367,43.715667724609375
random_seed1,layer12,spherical,20,0,100,100,0.36736559867858887,0.0013966560363769531,0.02243080921471119,5.0974842986805236,12.064430877201481,0.06132197646450951,0.129,0.0008403902756981552,90.39918518066406
random_seed1,layer12,spherical,20,1,100,100,0.36736559867858887,0.0013966560363769531,0.023956255987286568,4.945252389885607,12.23882111832296,0.0610921267707335,0.12,0.0008403902756981552,90.39918518066406
random_seed1,layer12,spherical,20,2,100,100,0.36736559867858887,0.0013966560363769531,0.026368984952569008,4.919251665772498,12.485687487043867,0.05704564792040362,0.113,0.0008403902756981552,90.39918518066406
random_seed1,layer12,spherical,20,3,100,100,0.36736559867858887,0.0013966560363769531,0.024838626384735107,5.0114685446409455,12.389397857074595,0.056984534602223115,0.1215,0.0008403902756981552,90.39918518066406
random_seed1,layer12,spherical,20,4,100,100,0.36736559867858887,0.0013966560363769531,0.02281389757990837,5.04268772755717,12.227924417980622,0.060417923549648395,0.1215,0.0008403902756981552,90.39918518066406
random_seed1,layer12,spherical,20,0,150,150,0.36736559867858887,0.002928018569946289,0.016998054459691048,5.906564958730391,8.382849449341743,0.058908257028595326,0.123,0.0003867225314024836,136.5084228515625
random_seed1,layer12,spherical,20,1,150,150,0.36736559867858887,0.002928018569946289,0.017184754833579063,5.873743442900119,8.88647870331413,0.05416000975471242,0.1185,0.0003867225314024836,136.5084228515625
random_seed1,layer12,spherical,20,2,150,150,0.36736559867858887,0.002928018569946289,0.015200652182102203,5.996271635320978,8.576183682945942,0.06344088192152715,0.1295,0.0003867225314024836,136.5084228515625
random_seed1,layer12,spherical,20,3,150,150,0.36736559867858887,0.002928018569946289,0.01700248010456562,5.949562050542541,8.430230477606683,0.06378194136621562,0.1265,0.0003867225314024836,136.5084228515625
random_seed1,layer12,spherical,20,4,150,150,0.36736559867858887,0.002928018569946289,0.01853843964636326,5.830850534929201,8.61177327246231,0.05697570720302302,0.121,0.0003867225314024836,136.5084228515625
random_seed1,layer12,spherical,20,0,200,200,0.36736559867858887,0.0030782222747802734,0.013122251257300377,6.572872792623933,6.622409910524296,0.056875913962424786,0.119,0.0001490839058533311,182.17062377929688
random_seed1,layer12,spherical,20,1,200,200,0.36736559867858887,0.0030782222747802734,0.011284932494163513,6.672031179076988,6.551469700360397,0.05564946530609867,0.1245,0.0001490839058533311,182.17062377929688
random_seed1,layer12,spherical,20,2,200,200,0.36736559867858887,0.0030782222747802734,0.011886697262525558,6.772912331363969,6.437052511470469,0.05898114494460156,0.123,0.0001490839058533311,182.17062377929688
random_seed1,layer12,spherical,20,3,200,200,0.36736559867858887,0.0030782222747802734,0.01259046420454979,6.7319354024807385,6.538028524977371,0.060306640432843096,0.1265,0.0001490839058533311,182.17062377929688
random_seed1,layer12,spherical,20,4,200,200,0.36736559867858887,0.0030782222747802734,0.012733954936265945,6.697284711410431,6.506543970242903,0.05333822323264643,0.117,0.0001490839058533311,182.17062377929688
random_seed1,layer12,spherical,20,0,300,300,0.36736559867858887,0.0040285587310791016,0.006665985099971294,7.946227394209013,4.312938442163112,0.05640199123075165,0.127,-9.303048136644065e-05,272.34783935546875
random_seed1,layer12,spherical,20,1,300,300,0.36736559867858887,0.0040285587310791016,0.007681732997298241,7.948194608500418,4.393066170899314,0.05200915013290116,0.1245,-9.303048136644065e-05,272.34783935546875
random_seed1,layer12,spherical,20,2,300,300,0.36736559867858887,0.0040285587310791016,0.006380762439221144,8.02881580384022,4.390704140696894,0.058945682029287225,0.1255,-9.303048136644065e-05,272.34783935546875
random_seed1,layer12,spherical,20,3,300,300,0.36736559867858887,0.0040285587310791016,0.007221263833343983,7.961091848061541,4.391356372823337,0.06522246370799291,0.1315,-9.303048136644065e-05,272.34783935546875
random_seed1,layer12,spherical,20,4,300,300,0.36736559867858887,0.0040285587310791016,0.008077017031610012,7.847770661101725,4.483155701641927,0.06142198734097335,0.128,-9.303048136644065e-05,272.34783935546875
random_seed1,layer12,spherical,20,0,500,500,0.36736559867858887,0.009885072708129883,0.0024048108607530594,9.818487230163141,2.4691523617776454,0.050966333518587655,0.1175,-0.0003012077941093594,452.5653076171875
random_seed1,layer12,spherical,20,1,500,500,0.36736559867858887,0.009885072708129883,0.002542228205129504,9.889455938119868,2.4923960185837846,0.05434852431692906,0.1295,-0.0003012077941093594,452.5653076171875
random_seed1,layer12,spherical,20,2,500,500,0.36736559867858887,0.009885072708129883,0.0029283566400408745,9.838063605689616,2.5861339472259637,0.05475174110382166,0.125,-0.0003012077941093594,452.5653076171875
random_seed1,layer12,spherical,20,3,500,500,0.36736559867858887,0.009885072708129883,0.002240785863250494,9.844768082671763,2.468531514016079,0.04743118667877754,0.115,-0.0003012077941093594,452.5653076171875
random_seed1,layer12,spherical,20,4,500,500,0.36736559867858887,0.009885072708129883,0.0025991706643253565,9.922867305093172,2.510388182697007,0.049742195246054735,0.1205,-0.0003012077941093594,452.5653076171875
random_seed1,layer12,spherical,20,0,768,768,0.36736559867858887,0.012439966201782227,-0.0004398178425617516,11.960542831634823,1.4975384583994196,0.039707629293300975,0.107,0.001071237027645111,707.4861450195312
random_seed1,layer12,spherical,20,1,768,768,0.36736559867858887,0.012439966201782227,-0.000435740890679881,12.157640889938559,1.4956335111884844,0.03756926493446174,0.1015,0.001071237027645111,707.4861450195312
random_seed1,layer12,spherical,20,2,768,768,0.36736559867858887,0.012439966201782227,-0.00034410812077112496,11.903997075441108,1.5227816165292756,0.03985792507831171,0.1085,0.001071237027645111,707.4861450195312
random_seed1,layer12,spherical,20,3,768,768,0.36736559867858887,0.012439966201782227,-0.00038285000482574105,12.02975831358046,1.506584060285058,0.04106472145574782,0.108,0.001071237027645111,707.4861450195312
random_seed1,layer12,spherical,20,4,768,768,0.36736559867858887,0.012439966201782227,-0.00031459235469810665,12.004407723141775,1.5117050118054982,0.03523148811269867,0.101,0.001071237027645111,707.4861450195312
