model,layer,k,mode,seed,silhouette,davies_bouldin,calinski_harabasz,nmi,purity,anisotropy,participation_ratio
pretrained,0,20,l2,0,0.04296927526593208,2.925659036214658,81.44920758782285,0.07118064654895805,0.1235,0.7075027227401733,15.771319389343262
pretrained,0,20,l2,1,0.06427275389432907,3.0499034447417226,80.5493442554637,0.07318785092985637,0.1285,0.7075027227401733,15.771319389343262
pretrained,0,20,l2,2,0.052515171468257904,2.8972383993347846,81.28098607317055,0.07757461378274032,0.1315,0.7075027227401733,15.771319389343262
pretrained,0,20,l2,3,0.050706010311841965,2.883163236072489,81.2760569089321,0.07478131156027233,0.1235,0.7075027227401733,15.771319389343262
pretrained,0,20,l2,4,0.05506553873419762,3.0502515808344954,80.81198531203333,0.07711148957539873,0.1245,0.7075027227401733,15.771319389343262
pretrained,1,20,l2,0,0.04105997458100319,2.8792109064293894,57.48953887847764,0.21507682907901193,0.201,0.7252553701400757,22.256269454956055
pretrained,1,20,l2,1,0.041422151029109955,2.834002610085121,57.86140965846999,0.2154397146456258,0.197,0.7252553701400757,22.256269454956055
pretrained,1,20,l2,2,0.0445614792406559,2.817538411128596,57.877613649645454,0.23450531401703867,0.206,0.7252553701400757,22.256269454956055
pretrained,1,20,l2,3,0.04820078983902931,3.0073645289654385,57.64209022953236,0.20978997410233935,0.1945,0.7252553701400757,22.256269454956055
pretrained,1,20,l2,4,0.04786595329642296,2.7819925156687026,57.71908045689344,0.22214354926374974,0.204,0.7252553701400757,22.256269454956055
pretrained,2,20,l2,0,0.04485858976840973,2.9437944974037795,61.831246761175386,0.2480210533072107,0.225,0.7708647847175598,20.326431274414062
pretrained,2,20,l2,1,0.04540061578154564,2.962432214389474,61.73120958017737,0.2462304424345396,0.2075,0.7708647847175598,20.326431274414062
pretrained,2,20,l2,2,0.04997136816382408,2.8734094116240625,62.05492656219779,0.23848789717575966,0.222,0.7708647847175598,20.326431274414062
pretrained,2,20,l2,3,0.04505317658185959,2.8498665301498254,62.23988005319333,0.23153152983350747,0.2095,0.7708647847175598,20.326431274414062
pretrained,2,20,l2,4,0.03426758199930191,2.9068410760416414,61.776439387341334,0.23947673810808706,0.219,0.7708647847175598,20.326431274414062
pretrained,3,20,l2,0,0.03734985738992691,2.9266796579170777,67.99434846096787,0.21496946818638732,0.1975,0.7867611050605774,17.626256942749023
pretrained,3,20,l2,1,0.038514237850904465,2.84784758242957,68.42375467384487,0.2110782522025621,0.188,0.7867611050605774,17.626256942749023
pretrained,3,20,l2,2,0.04684258997440338,2.8013080501385437,68.36479489050754,0.22216692990084205,0.194,0.7867611050605774,17.626256942749023
pretrained,3,20,l2,3,0.03708680346608162,3.0374371207770277,68.01544434526114,0.19164609940844204,0.176,0.7867611050605774,17.626256942749023
pretrained,3,20,l2,4,0.040164925158023834,2.7214335113266044,68.10421234294668,0.20262160425368478,0.1885,0.7867611050605774,17.626256942749023
pretrained,4,20,l2,0,0.03549787774682045,2.9706696838916953,75.19131799739574,0.21004511780149418,0.18,0.8126251697540283,14.763115882873535
pretrained,4,20,l2,1,0.03329583629965782,2.957108749410122,75.16676520974912,0.1972935405055997,0.178,0.8126251697540283,14.763115882873535
pretrained,4,20,l2,2,0.03978339210152626,3.0999055250088823,74.34346143987446,0.1825699644264737,0.172,0.8126251697540283,14.763115882873535
pretrained,4,20,l2,3,0.04174547642469406,3.110775743372325,74.21602124073927,0.20718703972126018,0.179,0.8126251697540283,14.763115882873535
pretrained,4,20,l2,4,0.03770390897989273,2.9331078430066944,75.34618071270305,0.211598175779082,0.187,0.8126251697540283,14.763115882873535
pretrained,5,20,l2,0,0.04993996396660805,2.8215771820916133,74.0938700489924,0.18906215203694848,0.1685,0.8210451602935791,14.335603713989258
pretrained,5,20,l2,1,0.03112807683646679,3.0430537124009494,74.03977431666212,0.19580306989039517,0.176,0.8210451602935791,14.335603713989258
pretrained,5,20,l2,2,0.04786456376314163,2.767807133240395,73.7265111406711,0.19016776491861906,0.167,0.8210451602935791,14.335603713989258
pretrained,5,20,l2,3,0.0313747338950634,3.0208680305435833,73.69467857909267,0.2155674196608429,0.196,0.8210451602935791,14.335603713989258
pretrained,5,20,l2,4,0.03520181402564049,3.015677880044204,74.19378429226118,0.2019383388063115,0.1805,0.8210451602935791,14.335603713989258
pretrained,6,20,l2,0,0.03194680064916611,3.104032357659137,72.51183730301022,0.18933481305323982,0.1715,0.8154336214065552,14.338606834411621
pretrained,6,20,l2,1,0.03772932291030884,3.042989858193249,72.22838680772222,0.19925205652820338,0.1755,0.8154336214065552,14.338606834411621
pretrained,6,20,l2,2,0.03261283412575722,2.9689518053727437,72.38481878470999,0.19766045934835252,0.176,0.8154336214065552,14.338606834411621
pretrained,6,20,l2,3,0.03635621815919876,3.009989584895148,72.76637969853918,0.18589925347372135,0.182,0.8154336214065552,14.338606834411621
pretrained,6,20,l2,4,0.04349310323596001,2.8055003903291715,72.41976313200242,0.18653117125695845,0.163,0.8154336214065552,14.338606834411621
pretrained,7,20,l2,0,0.027442175894975662,3.2130386001192894,67.55624292570256,0.19551888775537626,0.179,0.8094843626022339,14.825540542602539
pretrained,7,20,l2,1,0.03318473696708679,3.2261019611446207,67.69302358742227,0.19855251463840648,0.174,0.8094843626022339,14.825540542602539
pretrained,7,20,l2,2,0.03533624857664108,3.1380628040434124,67.38273013996442,0.1846498330671811,0.172,0.8094843626022339,14.825540542602539
pretrained,7,20,l2,3,0.030363479629158974,3.093710167758354,68.10015565609129,0.1891076765916102,0.1695,0.8094843626022339,14.825540542602539
pretrained,7,20,l2,4,0.03505562245845795,3.0565720672508014,67.7468722907999,0.19243784878021694,0.1775,0.8094843626022339,14.825540542602539
pretrained,8,20,l2,0,0.03525753691792488,3.1867971287063286,64.24510251869009,0.18542299997691106,0.1755,0.7994169592857361,15.951176643371582
pretrained,8,20,l2,1,0.026063961908221245,3.106743315045315,64.15383236910525,0.18653603431653992,0.1785,0.7994169592857361,15.951176643371582
pretrained,8,20,l2,2,0.026323730126023293,3.3236183998269104,63.79392933209049,0.21579473166040547,0.1915,0.7994169592857361,15.951176643371582
pretrained,8,20,l2,3,0.036781784147024155,3.2043496787911963,64.10219381400874,0.19271066411477455,0.174,0.7994169592857361,15.951176643371582
pretrained,8,20,l2,4,0.02594085782766342,3.033825151528527,64.19341529176478,0.20179829943983577,0.1795,0.7994169592857361,15.951176643371582
pretrained,9,20,l2,0,0.029271941632032394,3.09419656655798,54.03584300503196,0.24038754819401287,0.2185,0.7588948607444763,20.716650009155273
pretrained,9,20,l2,1,0.02601899765431881,3.059379531081878,53.74078253800109,0.22663781775581332,0.2115,0.7588948607444763,20.716650009155273
pretrained,9,20,l2,2,0.017801815643906593,3.036303456862254,53.817790644804454,0.24360335975178635,0.2215,0.7588948607444763,20.716650009155273
pretrained,9,20,l2,3,0.022439228370785713,3.0114217566108428,53.97964446213682,0.24569433909847174,0.221,0.7588948607444763,20.716650009155273
pretrained,9,20,l2,4,0.03030277229845524,2.980053937456077,53.96914409920916,0.2394000393149961,0.226,0.7588948607444763,20.716650009155273
pretrained,10,20,l2,0,0.03372349590063095,3.0647895353284094,49.37642780587913,0.32770599187950766,0.2965,0.7448015809059143,28.267011642456055
pretrained,10,20,l2,1,0.03439512848854065,3.113973332902556,49.217953472255175,0.3156887308535778,0.279,0.7448015809059143,28.267011642456055
pretrained,10,20,l2,2,0.03301847726106644,3.108069150513182,49.19519625909795,0.3256430751351066,0.296,0.7448015809059143,28.267011642456055
pretrained,10,20,l2,3,0.031229067593812943,3.0725045323268567,49.20373128248968,0.31829179471019975,0.2845,0.7448015809059143,28.267011642456055
pretrained,10,20,l2,4,0.030354240909218788,3.122688999498815,49.17029451508125,0.3184470348163749,0.2895,0.7448015809059143,28.267011642456055
pretrained,11,20,l2,0,0.038485340774059296,3.2485540228773955,47.077322063334385,0.347273124873908,0.3175,0.787262499332428,31.744735717773438
pretrained,11,20,l2,1,0.0328093096613884,3.0535263798973933,47.20853256147259,0.3515515196371904,0.311,0.787262499332428,31.744735717773438
pretrained,11,20,l2,2,0.037158042192459106,3.058882079772831,47.472899057194844,0.3572003177644653,0.312,0.787262499332428,31.744735717773438
pretrained,11,20,l2,3,0.03272947296500206,3.182145371087441,46.955699815000436,0.36468200299548953,0.3325,0.787262499332428,31.744735717773438
pretrained,11,20,l2,4,0.03942527249455452,3.2090392401929266,46.99071932273716,0.37485665925797085,0.3545,0.787262499332428,31.744735717773438
pretrained,12,20,l2,0,0.040653128176927567,3.178525912953285,43.21337186254477,0.36437810668420056,0.3205,0.7463680505752563,37.735260009765625
pretrained,12,20,l2,1,0.039318956434726715,3.243583615447008,43.27194331355628,0.37735722922587195,0.36,0.7463680505752563,37.735260009765625
pretrained,12,20,l2,2,0.039044998586177826,3.136868534840379,43.08395229848419,0.36829834066116063,0.3315,0.7463680505752563,37.735260009765625
pretrained,12,20,l2,3,0.0332428403198719,3.2006966061079503,43.10086689418217,0.36815161520693857,0.334,0.7463680505752563,37.735260009765625
pretrained,12,20,l2,4,0.03846995532512665,3.2027997132568222,43.19051005901971,0.3625050686849835,0.3425,0.7463680505752563,37.735260009765625
random_seed1,0,20,l2,0,0.04495099559426308,2.592452855729326,97.40219469859532,0.05172259021753916,0.1075,0.9716814756393433,14.335025787353516
random_seed1,0,20,l2,1,0.043228913098573685,2.4723529001421616,97.88523145519216,0.051110977196321856,0.1075,0.9716814756393433,14.335025787353516
random_seed1,0,20,l2,2,0.03598153963685036,2.6865523386265178,96.52621892672138,0.055631915856140746,0.112,0.9716814756393433,14.335025787353516
random_seed1,0,20,l2,3,0.048309583216905594,2.5420071968056273,96.87801571907696,0.05435265657606791,0.111,0.9716814756393433,14.335025787353516
random_seed1,0,20,l2,4,0.06652576476335526,2.4275197424507056,97.61293668540506,0.053997567909244905,0.115,0.9716814756393433,14.335025787353516
random_seed1,1,20,l2,0,0.0410538986325264,2.668644400360335,94.90470688718919,0.056100419657709164,0.1105,0.9728988409042358,14.752400398254395
random_seed1,1,20,l2,1,0.04269368201494217,2.769671326465385,94.6178291739437,0.05048899646112845,0.111,0.9728988409042358,14.752400398254395
random_seed1,1,20,l2,2,0.045020781457424164,2.507478269975123,95.74356422197926,0.05989174464334707,0.1105,0.9728988409042358,14.752400398254395
random_seed1,1,20,l2,3,0.04718771204352379,2.5533699906435965,96.56443067884308,0.049262043846193794,0.1065,0.9728988409042358,14.752400398254395
random_seed1,1,20,l2,4,0.04024367779493332,2.504311727990418,96.08849352651035,0.053221383137404925,0.112,0.9728988409042358,14.752400398254395
random_seed1,2,20,l2,0,0.044336121529340744,2.560282953814443,93.35509945918659,0.052689751156359085,0.1065,0.9724534749984741,15.590980529785156
random_seed1,2,20,l2,1,0.04479483887553215,2.5034428507445696,93.77989756517746,0.05807689725160519,0.1115,0.9724534749984741,15.590980529785156
random_seed1,2,20,l2,2,0.04216375946998596,2.785149011363426,93.77509697778804,0.04906980933624776,0.108,0.9724534749984741,15.590980529785156
random_seed1,2,20,l2,3,0.040593888610601425,2.4694008211838105,93.81483612891763,0.052050374696215825,0.1085,0.9724534749984741,15.590980529785156
random_seed1,2,20,l2,4,0.0292052049189806,2.6623070152620008,93.67638543148222,0.0605088156122863,0.117,0.9724534749984741,15.590980529785156
random_seed1,3,20,l2,0,0.051444411277770996,2.5838520735018307,90.99257593815774,0.05233395338780162,0.1075,0.972809910774231,16.42295265197754
random_seed1,3,20,l2,1,0.0351538322865963,2.684436012221568,91.57771591382411,0.053715684805329976,0.1115,0.972809910774231,16.42295265197754
random_seed1,3,20,l2,2,0.037444937974214554,2.6371417142398346,91.07743191379194,0.06223909693961721,0.115,0.972809910774231,16.42295265197754
random_seed1,3,20,l2,3,0.039872780442237854,2.237400334884339,91.21132233200173,0.048020127235765535,0.107,0.972809910774231,16.42295265197754
random_seed1,3,20,l2,4,0.0418538823723793,2.5643851417785557,91.95838706885232,0.05177876289280531,0.11,0.972809910774231,16.42295265197754
random_seed1,4,20,l2,0,0.04000858590006828,2.6557480960283013,91.33721365907034,0.05332745397631859,0.1125,0.9724811315536499,16.75243377685547
random_seed1,4,20,l2,1,0.03893573209643364,2.5814001930775294,91.88016851599018,0.0596224309230175,0.1135,0.9724811315536499,16.75243377685547
random_seed1,4,20,l2,2,0.033588770776987076,2.4627050762081173,91.76405481975443,0.05287876391787128,0.1115,0.9724811315536499,16.75243377685547
random_seed1,4,20,l2,3,0.05388695374131203,2.067538325159288,92.21769428103858,0.049809876962289744,0.107,0.9724811315536499,16.75243377685547
random_seed1,4,20,l2,4,0.03560999035835266,2.6287890680589276,92.00867578316168,0.053484737737188,0.111,0.9724811315536499,16.75243377685547
random_seed1,5,20,l2,0,0.03576160967350006,2.641095622698049,89.62233156086235,0.052399333316202425,0.109,0.9733359217643738,16.820425033569336
random_seed1,5,20,l2,1,0.05310694873332977,2.1800015093009577,91.29867104839737,0.05317436118026125,0.112,0.9733359217643738,16.820425033569336
random_seed1,5,20,l2,2,0.0349939800798893,2.4089165760443274,90.6378348575008,0.05028042353135177,0.104,0.9733359217643738,16.820425033569336
random_seed1,5,20,l2,3,0.03348664194345474,2.493400177434869,89.99690246944022,0.05129499087020958,0.1095,0.9733359217643738,16.820425033569336
random_seed1,5,20,l2,4,0.041696369647979736,2.587172843189939,91.39235337715682,0.06098644184678502,0.115,0.9733359217643738,16.820425033569336
random_seed1,6,20,l2,0,0.03018035925924778,2.6666499856654076,89.16159057998087,0.05061003526775978,0.1055,0.9741000533103943,17.46736717224121
random_seed1,6,20,l2,1,0.04700178653001785,2.634831598466776,89.41791020409293,0.0544341301187201,0.111,0.9741000533103943,17.46736717224121
random_seed1,6,20,l2,2,0.049157556146383286,2.577515881114345,88.75438879391818,0.049099080587951247,0.106,0.9741000533103943,17.46736717224121
random_seed1,6,20,l2,3,0.028349097818136215,2.498200395071371,89.88697200888001,0.0591802641188899,0.1135,0.9741000533103943,17.46736717224121
random_seed1,6,20,l2,4,0.03446226194500923,2.8090349571771607,88.11350704830818,0.06552108122591642,0.1165,0.9741000533103943,17.46736717224121
random_seed1,7,20,l2,0,0.03446501865983009,2.556859302308782,89.3551814065406,0.05419237402593592,0.11,0.9737972617149353,17.128528594970703
random_seed1,7,20,l2,1,0.02663923241198063,2.7951259857298387,88.13585077925269,0.05929290788223178,0.1125,0.9737972617149353,17.128528594970703
random_seed1,7,20,l2,2,0.03306759521365166,2.6753518705702,89.52199135014105,0.06258839443811216,0.114,0.9737972617149353,17.128528594970703
random_seed1,7,20,l2,3,0.03201647475361824,2.5063614615579977,90.04431169731765,0.0534031641389378,0.1125,0.9737972617149353,17.128528594970703
random_seed1,7,20,l2,4,0.04102113097906113,2.7544500601014676,89.86370985119632,0.04965503911000334,0.1055,0.9737972617149353,17.128528594970703
random_seed1,8,20,l2,0,0.03889228031039238,2.7859803490912998,90.22909008153445,0.052624070072233714,0.1105,0.9719198346138,16.972148895263672
random_seed1,8,20,l2,1,0.036411065608263016,2.661648234689829,90.53754059460535,0.050531244225649634,0.109,0.9719198346138,16.972148895263672
random_seed1,8,20,l2,2,0.03743959218263626,2.4890872896458043,90.27619543718038,0.054790657334078674,0.1085,0.9719198346138,16.972148895263672
random_seed1,8,20,l2,3,0.046443723142147064,2.571522189552937,89.22016628259362,0.05206820206152339,0.105,0.9719198346138,16.972148895263672
random_seed1,8,20,l2,4,0.0423102080821991,2.5461678436142376,90.47746116256678,0.050522665628173806,0.109,0.9719198346138,16.972148895263672
random_seed1,9,20,l2,0,0.038130346685647964,2.781507885917061,89.79057950064632,0.04814814551706696,0.1055,0.9703968167304993,16.659696578979492
random_seed1,9,20,l2,1,0.044924475252628326,2.6454688929293435,90.8943521582069,0.05544035470429574,0.1085,0.9703968167304993,16.659696578979492
random_seed1,9,20,l2,2,0.041320618242025375,2.7280659588070177,90.76395869628548,0.049779500638170944,0.107,0.9703968167304993,16.659696578979492
random_seed1,9,20,l2,3,0.03235670551657677,2.549196905444949,89.51001069125249,0.06179627479587485,0.1145,0.9703968167304993,16.659696578979492
random_seed1,9,20,l2,4,0.04216587543487549,2.7044081605992787,90.67533973321743,0.05265890587505935,0.11,0.9703968167304993,16.659696578979492
random_seed1,10,20,l2,0,0.03409617766737938,2.647597605102214,88.92269714529213,0.050975288524637764,0.111,0.9693695306777954,16.549251556396484
random_seed1,10,20,l2,1,0.03925860673189163,2.8615320609070976,89.82861776121601,0.04905602484178632,0.1085,0.9693695306777954,16.549251556396484
random_seed1,10,20,l2,2,0.03603854030370712,2.659287902230093,90.01791976404824,0.04550839866725366,0.1065,0.9693695306777954,16.549251556396484
random_seed1,10,20,l2,3,0.03773413226008415,2.6291910401822425,90.65213866839413,0.05550573527763111,0.1135,0.9693695306777954,16.549251556396484
random_seed1,10,20,l2,4,0.041133590042591095,2.453176580483588,90.42915351400326,0.053720804744764684,0.1095,0.9693695306777954,16.549251556396484
random_seed1,11,20,l2,0,0.043351754546165466,2.4624052843678186,88.92116689261489,0.04844732929844535,0.105,0.9708625674247742,16.938135147094727
random_seed1,11,20,l2,1,0.039333879947662354,2.862070961912906,88.4213698132719,0.06084126889391372,0.1135,0.9708625674247742,16.938135147094727
random_seed1,11,20,l2,2,0.04299991577863693,2.524534223736751,89.6402254052659,0.052975401951548415,0.1105,0.9708625674247742,16.938135147094727
random_seed1,11,20,l2,3,0.04215376824140549,2.6183989923181845,88.89903788687052,0.05295172498089897,0.107,0.9708625674247742,16.938135147094727
random_seed1,11,20,l2,4,0.04266788810491562,2.295669422516967,90.07013317767426,0.04756165513542472,0.1085,0.9708625674247742,16.938135147094727
random_seed1,12,20,l2,0,0.03485387563705444,2.6566669215664254,89.74616392807253,0.06101517618620279,0.1145,0.9699324369430542,16.827922821044922
random_seed1,12,20,l2,1,0.045282021164894104,2.5902876549416534,90.24719582537055,0.05500122930232447,0.1095,0.9699324369430542,16.827922821044922
random_seed1,12,20,l2,2,0.04023085907101631,2.5637104537846733,89.3146078301628,0.05533688729894745,0.1105,0.9699324369430542,16.827922821044922
random_seed1,12,20,l2,3,0.04647986590862274,2.2334119483975305,89.74447608112531,0.04834368700880314,0.1065,0.9699324369430542,16.827922821044922
random_seed1,12,20,l2,4,0.03517523780465126,2.854041412596602,89.10672480427858,0.053108420071493335,0.109,0.9699324369430542,16.827922821044922
